<?xml version="1.0" encoding="UTF-8"?>
<project-private xmlns="http://www.netbeans.org/ns/project-private/1">
    <editor-bookmarks xmlns="http://www.netbeans.org/ns/editor-bookmarks/2" lastBookmarkId="0"/>
    <open-files xmlns="http://www.netbeans.org/ns/projectui-open-files/2">
        <group>
            <file>file:/C:/Users/Franco/Documents/NetBeansProjects/TP8-Interfaces/src/tp8/interfaces/TP8Interfaces.java</file>
            <file>file:/C:/Users/Franco/Documents/NetBeansProjects/TP8-Interfaces/src/parte1/Pagable.java</file>
            <file>file:/C:/Users/Franco/Documents/NetBeansProjects/TP8-Interfaces/src/parte1/Producto.java</file>
            <file>file:/C:/Users/Franco/Documents/NetBeansProjects/TP8-Interfaces/src/parte1/Pedido.java</file>
            <file>file:/C:/Users/Franco/Documents/NetBeansProjects/TP8-Interfaces/src/parte1/EstadoPedido.java</file>
            <file>file:/C:/Users/Franco/Documents/NetBeansProjects/TP8-Interfaces/src/parte1/Notificable.java</file>
            <file>file:/C:/Users/Franco/Documents/NetBeansProjects/TP8-Interfaces/src/parte1/Cliente.java</file>
            <file>file:/C:/Users/Franco/Documents/NetBeansProjects/TP8-Interfaces/src/parte1/Pago.java</file>
            <file>file:/C:/Users/Franco/Documents/NetBeansProjects/TP8-Interfaces/src/parte1/PagoConDescuento.java</file>
            <file>file:/C:/Users/Franco/Documents/NetBeansProjects/TP8-Interfaces/src/parte1/TarjetaDeCredito.java</file>
            <file>file:/C:/Users/Franco/Documents/NetBeansProjects/TP8-Interfaces/src/parte1/PayPal.java</file>
            <file>file:/C:/Users/Franco/Documents/NetBeansProjects/TP8-Interfaces/src/parte1/MainEcommerce.java</file>
            <file>file:/C:/Users/Franco/Documents/NetBeansProjects/TP8-Interfaces/src/parte2/EdadInvalidaException.java</file>
            <file>file:/C:/Users/Franco/Documents/NetBeansProjects/TP8-Interfaces/src/parte2/MainExcepciones.java</file>
        </group>
    </open-files>
</project-private>
