<?xml version="1.0" encoding="UTF-8"?>
<project-private xmlns="http://www.netbeans.org/ns/project-private/1">
    <editor-bookmarks xmlns="http://www.netbeans.org/ns/editor-bookmarks/2" lastBookmarkId="0"/>
    <open-files xmlns="http://www.netbeans.org/ns/projectui-open-files/2">
        <group>
            <file>file:/C:/Users/Franco/Documents/NetBeansProjects/TP-Colecciones/src/tp/colecciones/TPColecciones.java</file>
            <file>file:/C:/Users/Franco/Documents/NetBeansProjects/TP-Colecciones/src/Ejercicio1/CategoriaProducto.java</file>
            <file>file:/C:/Users/Franco/Documents/NetBeansProjects/TP-Colecciones/src/Ejercicio1/Producto.java</file>
            <file>file:/C:/Users/Franco/Documents/NetBeansProjects/TP-Colecciones/src/Ejercicio1/Inventario.java</file>
            <file>file:/C:/Users/Franco/Documents/NetBeansProjects/TP-Colecciones/src/Ejercicio1/MainStock.java</file>
            <file>file:/C:/Users/Franco/Documents/NetBeansProjects/TP-Colecciones/src/Ejercicio3/Curso.java</file>
            <file>file:/C:/Users/Franco/Documents/NetBeansProjects/TP-Colecciones/src/Ejercicio3/Profesor.java</file>
            <file>file:/C:/Users/Franco/Documents/NetBeansProjects/TP-Colecciones/src/Ejercicio3/Universidad.java</file>
            <file>file:/C:/Users/Franco/Documents/NetBeansProjects/TP-Colecciones/src/Ejercicio3/MainUniversidad.java</file>
            <file>file:/C:/Users/Franco/Documents/NetBeansProjects/TP-Colecciones/src/Ejercicio2/Autor.java</file>
            <file>file:/C:/Users/Franco/Documents/NetBeansProjects/TP-Colecciones/src/Ejercicio2/Libro.java</file>
            <file>file:/C:/Users/Franco/Documents/NetBeansProjects/TP-Colecciones/src/Ejercicio2/Biblioteca.java</file>
            <file>file:/C:/Users/Franco/Documents/NetBeansProjects/TP-Colecciones/src/Ejercicio2/MainBiblioteca.java</file>
        </group>
    </open-files>
</project-private>
